{"cameraMode":{"drawMode":0,"name":"Shaded","section":"Shading Mode"},"sceneLighting":false,"audioPlay":false,"sceneViewState":{"showFog":true,"showMaterialUpdate":false,"showSkybox":false,"showFlares":true,"showImageEffects":true,"showParticleSystems":true},"in2DMode":false,"pivot":{"x":2.017333984375,"y":3.89111328125,"z":-10.6630859375},"rotation":{"x":0.17754855751991273,"y":-0.0073807621374726299,"z":0.0013316405238583685,"w":0.9840835332870483},"size":4.829807281494141,"orthographic":true}