{"cameraMode":{"drawMode":0,"name":"Shaded","section":"Shading Mode"},"sceneLighting":false,"audioPlay":false,"sceneViewState":{"showFog":true,"showMaterialUpdate":false,"showSkybox":false,"showFlares":true,"showImageEffects":true,"showParticleSystems":true},"in2DMode":false,"pivot":{"x":2.4800000190734865,"y":40.65999984741211,"z":0.0},"rotation":{"x":0.02998063527047634,"y":0.03148064389824867,"z":-0.0009447058546356857,"w":0.9990545511245728},"size":4.959664821624756,"orthographic":true}